文件,输入MB,输出MB,状态
attendants\0_02.png,0.73,0.05,OK
attendants\0_04.png,0.69,0.04,OK
attendants\0_03.png,0.71,0.05,OK
attendants\0_01.png,0.71,0.04,OK
attendants\0_08.png,0.48,0.03,OK
attendants\0_09.png,0.54,0.03,OK
attendants\0_10.png,0.61,0.04,OK
attendants\0_07.png,0.68,0.04,OK
attendants\0_06.png,0.61,0.03,OK
attendants\0_11.png,0.63,0.04,OK
attendants\0_14.png,0.56,0.03,OK
attendants\0_05.png,0.67,0.04,OK
attendants\0_15.png,0.61,0.04,OK
attendants\0_16.png,0.66,0.05,OK
attendants\0_17.png,0.53,0.03,OK
attendants\0_12.png,0.54,0.03,OK
attendants\0_13.png,0.67,0.04,OK
attendants\0_20.png,0.56,0.04,OK
attendants\0_21.png,0.61,0.04,OK
attendants\0_22.png,0.61,0.04,OK
attendants\0_23.png,0.63,0.04,OK
attendants\0_18.png,0.71,0.04,OK
attendants\0_19.png,0.67,0.04,OK
attendants\0_26.png,0.63,0.04,OK
attendants\0_27.png,0.63,0.04,OK
attendants\0_28.png,0.57,0.03,OK
attendants\0_29.png,0.56,0.04,OK
attendants\0_24.png,0.71,0.04,OK
attendants\0_25.png,0.67,0.04,OK
attendants\0_32.png,0.62,0.04,OK
attendants\0_33.png,0.53,0.03,OK
attendants\0_34.png,0.59,0.04,OK
attendants\0_35.png,0.61,0.04,OK
attendants\0_30.png,0.69,0.04,OK
attendants\0_31.png,0.74,0.04,OK
Boss\埃达1.png,4.27,0.16,OK
attendants\0_37.png,5.12,0.27,OK
attendants\0_36.png,0.74,0.05,OK
Boss\埃达2.png,4.07,0.16,OK
card_back\01.png,2.02,0.17,OK
card_back\02.png,6.92,0.30,OK
card_back\03.png,6.55,0.39,OK
card_back\04.png,7.32,0.39,OK
cardborder\cardborder_unit.png,1.98,0.37,OK
cardborder\cardborder_spell.png,2.21,0.47,OK
cardborder\cardborder_hero.png,2.18,0.43,OK
card_back\08.png,6.69,0.54,OK
card_back\05.png,7.77,0.65,OK
card_back\09.png,7.41,0.57,OK
card_back\07.png,7.64,0.59,OK
card_back\06.png,8.00,0.63,OK
card_back\11.png,5.75,0.38,OK
card_back\12.png,7.82,0.38,OK
card_back\13.png,7.33,0.33,OK
card_back\fenny.png,5.57,0.26,OK
card_back\lyfe.png,5.68,0.28,OK
card_back\mauxir_lotus_drive.png,7.98,0.32,OK
card_back\pupu_specular.png,5.43,0.24,OK
card_back\10.png,6.87,0.46,OK
desk\01.png,5.16,0.34,OK
desk\04.png,4.85,0.32,OK
desk\05.png,4.36,0.18,OK
desk\03.png,6.97,0.91,OK
desk\07.png,5.39,0.23,OK
desk\06.png,6.02,0.42,OK
desk\02.png,5.68,0.31,OK
desk\08.png,5.71,0.29,OK
desk\09.png,6.07,0.36,OK
desk\10.png,8.07,0.38,OK
effect\be_attacked.png,1.72,0.21,OK
effect\broken1.png,2.45,0.55,OK
effect\BUFF_ALL.png,4.39,1.05,OK
effect\BUFF_Keyword.png,4.45,1.05,OK
effect\break.png,6.70,2.49,OK
effect\broken2.png,10.42,2.37,OK
effect\BUFF_Life.png,4.34,0.67,OK
effect\BUFF_Power.png,4.15,0.67,OK
enemy\Gemini_Generated_Image_4996xr4996xr4996.png,7.90,0.31,OK
enemy\Gemini_Generated_Image_5cy6n75cy6n75cy6.png,7.73,0.23,OK
effect\mauxir_lotus_rush_attack.png,2.03,0.41,OK
enemy\Gemini_Generated_Image_83ofc683ofc683of.png,7.90,0.33,OK
enemy\Gemini_Generated_Image_9t2f2o9t2f2o9t2f.png,8.17,0.36,OK
enemy\Gemini_Generated_Image_aguiljaguiljagui.png,7.49,0.23,OK
enemy\Gemini_Generated_Image_ajjoh8ajjoh8ajjo.png,7.65,0.28,OK
enemy\Gemini_Generated_Image_akbwo0akbwo0akbw.png,7.78,0.28,OK
enemy\Gemini_Generated_Image_aq4vf3aq4vf3aq4v.png,7.61,0.28,OK
enemy\Gemini_Generated_Image_byi0l3byi0l3byi0.png,8.54,0.37,OK
enemy\Gemini_Generated_Image_ck2uuack2uuack2u.png,8.23,0.34,OK
enemy\Gemini_Generated_Image_dankqxdankqxdank.png,7.28,0.25,OK
enemy\Gemini_Generated_Image_gzep33gzep33gzep.png,7.87,0.28,OK
enemy\Gemini_Generated_Image_h40pp5h40pp5h40p.png,7.65,0.28,OK
enemy\Gemini_Generated_Image_jmj3s7jmj3s7jmj3.png,5.69,0.23,OK
enemy\Gemini_Generated_Image_jr9fdtjr9fdtjr9f.png,8.09,0.39,OK
enemy\Gemini_Generated_Image_m9v4o0m9v4o0m9v4.png,7.94,0.28,OK
enemy\Gemini_Generated_Image_n6d63in6d63in6d6.png,7.58,0.29,OK
enemy\Gemini_Generated_Image_nfszsxnfszsxnfsz.png,7.50,0.25,OK
enemy\Gemini_Generated_Image_owgjsrowgjsrowgj.png,7.95,0.34,OK
enemy\Gemini_Generated_Image_qu3wx5qu3wx5qu3w.png,6.30,0.33,OK
enemy\Gemini_Generated_Image_v6y3rdv6y3rdv6y3.png,8.02,0.32,OK
enemy\Gemini_Generated_Image_vpcw02vpcw02vpcw.png,7.67,0.30,OK
effect\mauxir_lotus_rush_be_attacked.png,5.62,0.66,OK
enemy\Gemini_Generated_Image_x053lux053lux053.png,7.48,0.23,OK
enemy\Gemini_Generated_Image_ylz7asylz7asylz7.png,7.95,0.29,OK
enemy\Gonglu_support.png,4.78,0.18,OK
enemy\Titan_Gaimer.png,6.87,0.47,OK
enemy\Titan_Gonglu.png,7.38,0.31,OK
enemy\Titan_Hodu.png,6.29,0.32,OK
enemy\Titan_Titan_Hybrid.png,5.95,0.28,OK
enemy\Titan_Type_B_Mutant.png,5.63,0.24,OK
enemy\Titan_Mutant.png,6.43,0.39,OK
enemy\埃达1.png,4.65,0.20,OK
enemy\Titan_Type_C_Mutant.png,6.07,0.29,OK
enemy\Titan_Type_D_Mutant.png,6.56,0.40,OK
enemy\埃达2.png,4.52,0.20,OK
gacha\GachaPool1\button.png,4.95,0.27,OK
gacha\GachaPool1\desk.png,3.69,0.36,OK
hero\卜卜灵鉴1.png,2.91,0.17,OK
gacha\PermanentGachaPool\desk.png,19.06,0.96,OK
effect\Healing.png,4.30,1.11,OK
hero\安卡希雅时之重奏1.png,2.94,0.16,OK
gacha\PermanentGachaPool\button.png,4.26,0.20,OK
hero\卜卜灵鉴2.png,5.14,0.29,OK
hero\安卡希雅时之重奏2.png,3.15,0.17,OK
hero\猫汐尔莲驱1.png,3.22,0.22,OK
hero\猫汐尔莲驱2.png,3.42,0.23,OK
hero\芬妮1.png,2.92,0.23,OK
hero\芬妮2.png,2.95,0.23,OK
hero\里芙1.png,3.10,0.20,OK
icon\CQWRSZDSA432.jpg,0.52,0.12,OK
hero\里芙2.png,3.32,0.21,OK
icon\buttton1.png,3.53,0.18,OK
icon\enemy_MANA_1.png,0.05,0.01,OK
icon\enemy_MANA_10.png,0.05,0.01,OK
icon\enemy_MANA_2.png,0.05,0.01,OK
icon\enemy_MANA_3.png,0.05,0.01,OK
icon\enemy_MANA_4.png,0.06,0.01,OK
icon\enemy_MANA_5.png,0.06,0.01,OK
icon\enemy_MANA_6.png,0.06,0.01,OK
icon\enemy_MANA_7.png,0.06,0.01,OK
icon\enemy_MANA_8.png,0.06,0.01,OK
icon\bitGold.png,4.78,0.73,OK
icon\enemy_spells_1.png,0.04,0.01,OK
icon\enemy_MANA_9.png,0.05,0.01,OK
icon\enemy_spells_2.png,0.04,0.01,OK
icon\enemy_spells_3.png,0.04,0.01,OK
icon\dataGold.png,5.23,0.99,OK
icon\levelup.png,5.22,0.71,OK
icon\levelup_0.png,3.64,0.60,OK
icon\mouse\mouse_0.png,0.00,0.00,OK
icon\mouse\mouse_1.png,0.00,0.00,OK
icon\mouse\mouse_2.png,0.00,0.00,OK
icon\mouse\mouse_3.png,0.00,0.00,OK
icon\mouse\mouse_4.png,0.00,0.00,OK
icon\mouse\mouse_5.png,0.00,0.00,OK
icon\mouse\mouse_6.png,0.00,0.00,OK
icon\mouse\mouse_7.png,0.00,0.00,OK
icon\mouse\mouse_8.png,0.00,0.00,OK
icon\mouse\mouse_9.png,0.00,0.00,OK
icon\mouse.png,0.00,0.00,OK
icon\levelup_1.png,4.15,0.68,OK
icon\leveldown.png,5.07,0.98,OK
icon\player_MANA_1.png,0.05,0.01,OK
icon\player_MANA_10.png,0.05,0.01,OK
icon\player_MANA_2.png,0.05,0.01,OK
icon\player_MANA_3.png,0.05,0.01,OK
icon\player_MANA_5.png,0.06,0.01,OK
icon\player_MANA_4.png,0.06,0.01,OK
icon\player_MANA_6.png,0.06,0.01,OK
icon\player_MANA_8.png,0.06,0.01,OK
icon\player_MANA_7.png,0.06,0.01,OK
icon\player_spells_1.png,0.04,0.01,OK
icon\player_MANA_9.png,0.05,0.01,OK
icon\rogue_background.png,3.54,0.12,OK
icon\player_spells_2.png,0.04,0.01,OK
icon\rogue_icon_1.png,0.45,0.11,OK
icon\player_spells_3.png,0.04,0.01,OK
icon\levelup_2.png,4.51,0.70,OK
icon\rogue_icon_2.png,0.37,0.10,OK
icon\rogue_icon_3.png,0.55,0.15,OK
icon\spell.png,0.91,0.07,OK
icon\rogue_star.png,5.42,1.34,OK
icon\sword.png,6.11,1.30,OK
icon\silverCoin.png,5.30,1.21,OK
icon\sword_gain.png,5.37,1.44,OK
keyword\01.png,0.40,0.07,OK
keyword\02.png,0.68,0.11,OK
keyword\03.png,0.41,0.07,OK
keyword\04.png,0.41,0.07,OK
keyword\05.png,0.45,0.09,OK
keyword\06.png,0.47,0.08,OK
keyword\00.png,5.44,0.88,OK
keyword\08.png,0.34,0.06,OK
keyword\07.png,0.53,0.09,OK
keyword\10.png,0.44,0.08,OK
keyword\09.png,0.58,0.12,OK
keyword\11.png,0.51,0.09,OK
keyword\12.png,0.37,0.07,OK
icon\titile.png,8.85,2.57,OK
keyword\13.png,0.52,0.09,OK
keyword\14.png,0.48,0.08,OK
keyword\15.png,0.45,0.08,OK
keyword\17.png,0.49,0.09,OK
keyword\18.png,0.45,0.08,OK
keyword\16.png,0.61,0.10,OK
keyword\19.png,0.57,0.09,OK
keyword\21.png,0.34,0.06,OK
keyword\20.png,0.45,0.08,OK
keyword\22.png,0.52,0.10,OK
keyword\24.png,0.40,0.07,OK
keyword\23.png,0.58,0.10,OK
keyword\25.png,0.57,0.12,OK
keyword\26.png,0.52,0.10,OK
keyword\27.png,0.51,0.09,OK
keyword\28.png,0.48,0.09,OK
keyword\29.png,0.39,0.07,OK
keyword\30.png,0.52,0.09,OK
keyword\31.png,0.38,0.07,OK
keyword\32.png,0.42,0.08,OK
keyword\33.png,0.38,0.06,OK
keyword\34.png,0.44,0.08,OK
keyword\36.png,0.35,0.06,OK
keyword\35.png,0.47,0.09,OK
loading\1.png,3.28,0.17,OK
loading\10.png,4.14,0.26,OK
loading\11.png,2.61,0.13,OK
loading\12.png,3.44,0.18,OK
loading\13.png,3.90,0.18,OK
loading\14.png,2.55,0.10,OK
loading\15.png,2.76,0.15,OK
loading\16.png,2.66,0.15,OK
loading\17.png,3.01,0.17,OK
loading\18.png,2.69,0.12,OK
loading\19.png,3.52,0.14,OK
loading\2.png,3.57,0.17,OK
loading\20.png,3.41,0.20,OK
loading\21.png,3.19,0.17,OK
loading\22.png,2.60,0.14,OK
loading\23.png,3.42,0.19,OK
loading\24.png,3.46,0.17,OK
loading\25.png,3.95,0.26,OK
loading\26.png,2.63,0.14,OK
loading\27.png,2.62,0.12,OK
loading\28.png,4.63,0.27,OK
loading\29.png,3.23,0.19,OK
loading\3.png,4.36,0.29,OK
loading\30.png,3.17,0.20,OK
loading\31.png,2.35,0.11,OK
loading\32.png,2.84,0.15,OK
loading\33.png,3.14,0.15,OK
loading\34.png,3.49,0.22,OK
loading\35.png,2.76,0.14,OK
loading\4.png,2.52,0.11,OK
loading\5.png,2.53,0.12,OK
loading\6.png,2.80,0.12,OK
loading\7.png,2.97,0.15,OK
loading\8.png,3.01,0.13,OK
loading\9.png,2.62,0.13,OK
map\map_zero\1.png,2.25,0.14,OK
map\map_zero\2.png,1.78,0.06,OK
map\map_zero\3.png,1.88,0.13,OK
map\map_zero\4.png,1.82,0.13,OK
map\map_zero\5.png,1.97,0.09,OK
map\map_zero\6.png,1.97,0.14,OK
map\map_zero\7.png,2.33,0.17,OK
map\map_zero\8.png,2.60,0.13,OK
map\map_zero.png,9.10,0.54,OK
spells\01.png,5.53,0.29,OK
keyword\38.png,4.41,0.83,OK
spells\02.png,5.11,0.14,OK
spells\03.png,5.37,0.20,OK
spells\04.png,5.01,0.13,OK
spells\05.png,5.78,0.19,OK
spells\06.png,6.04,0.29,OK
spells\07.png,3.98,0.11,OK
spells\08.png,4.56,0.21,OK
spells\09.png,4.12,0.17,OK
spells\10.png,2.45,0.07,OK
spells\11.png,2.60,0.09,OK
spells\12.png,3.76,0.07,OK
spells\13.png,5.70,0.22,OK
keyword\37.png,6.01,1.00,OK
spells\14.png,5.33,0.20,OK
spells\15.png,6.05,0.18,OK
spells\16.png,4.75,0.14,OK
spells\17.png,4.57,0.14,OK
spells\18.png,4.09,0.10,OK
spells\20.png,4.75,0.13,OK
spells\19.png,5.13,0.15,OK
spells\21.png,4.05,0.15,OK
spells\22.png,5.10,0.15,OK
keyword\39.png,5.07,0.94,OK
spells\23.png,4.72,0.16,OK
spells\24.png,5.41,0.10,OK
spells\25.png,4.81,0.17,OK
spells\26.png,4.81,0.15,OK
spells\27.png,5.30,0.23,OK
spells\29.png,3.69,0.10,OK
spells\28.png,3.85,0.37,OK
spells\32.png,2.24,0.06,OK
spells\31.png,6.66,0.31,OK
spells\33.png,4.08,0.10,OK
spells\30.png,7.69,0.45,OK
spells\34.png,3.06,0.11,OK
spells\35.png,5.76,0.19,OK
spells\37.png,5.77,0.18,OK
spells\36.png,5.70,0.21,OK
spells\38.png,5.54,0.18,OK
spells\40.png,5.01,0.12,OK
spells\39.png,5.25,0.42,OK
spells\41.png,6.89,0.28,OK
spells\42.png,4.49,0.13,OK
spells\43.png,3.55,0.09,OK
spells\abc.png,3.98,0.11,OK
spells\Acacia_Chrono Echo_spell-1.png,4.62,0.31,OK
spells\Acacia_Chrono Echo_spell01-1.png,3.91,0.16,OK
spells\Acacia_Chrono Echo_spell.png,4.45,0.23,OK
spells\Acacia_Chrono Echo_spell01.png,3.59,0.13,OK
spells\Acacia_Chrono Echo_spell02-1.png,4.07,0.19,OK
spells\Acacia_Chrono Echo_spell02.png,3.78,0.17,OK
spells\Acacia_Chrono Echo_spell03.png,4.23,0.16,OK
spells\Acacia_Chrono Echo_spell_gen1.png,3.67,0.14,OK
spells\Acacia_Chrono Echo_spell_gen2.png,3.90,0.17,OK
spells\fenny_spell.png,5.23,0.18,OK
spells\Acacia_Chrono Echo_spell_gen3.png,4.95,0.27,OK
spells\fenny_spell01.png,4.70,0.08,OK
spells\fenny_spell02.png,4.58,0.09,OK
spells\fenny_spell03.png,4.77,0.10,OK
spells\lyfe_spell01.png,4.59,0.08,OK
spells\lyfe_spell.png,5.38,0.19,OK
spells\lyfe_spell02.png,4.52,0.10,OK
spells\mauxir_lotus_spell01.png,0.96,0.04,OK
spells\lyfe_spell03.png,4.71,0.10,OK
spells\mauxir_lotus_spell03.png,0.92,0.04,OK
spells\mauxir_lotus_robot.png,5.24,0.30,OK
spells\mauxir_lotus_spell.png,4.61,0.23,OK
spells\mauxir_lotus_spell02.png,3.37,0.10,OK
spells\pupu_specular_soul_spell01.png,0.95,0.04,OK
spells\pupu_specular_soul_spell02.png,0.99,0.05,OK
spells\pupu_specular_soul_spell03.png,0.95,0.05,OK
spells\pupu_specular_soul_spell.png,4.38,0.22,OK
units\abc.png,3.98,0.11,OK
units\Amulet_Squad_Cattail_01.png,6.05,0.27,OK
units\Amulet_Squad_Peaches_01.png,5.91,0.26,OK
units\Amulet_Squad_Scorching_01.png,6.28,0.34,OK
units\Amulet_Squad_Cattail_00.png,0.49,0.08,OK
units\Amulet_Squad_Peaches_00.png,0.70,0.11,OK
units\Argo_Squad_Arrowhead_02.png,1.44,0.09,OK
units\Amulet_Squad_Scorching_00.png,0.65,0.11,OK
units\Argo_Squad_Arrowhead_00.png,0.59,0.08,OK
units\Argo_Squad_Musician_02.png,1.52,0.12,OK
units\Argo_Squad_Musician_01.png,1.80,0.23,OK
units\Argo_Squad_Musician_00.png,0.57,0.09,OK
units\Argo_Squad_Pigeon_02.png,5.85,0.23,OK
units\Argo_Squad_Pigeon_00.png,0.55,0.09,OK
units\Argo_Squad_Arrowhead_01.png,1.84,0.28,OK
units\Bridget_Squad_Chinchilla_00.png,0.74,0.09,OK
units\Bridget_Squad_Chinchilla_02.png,4.72,0.22,OK
units\Argo_Squad_Pigeon_01.png,1.83,0.20,OK
units\Bridget_Squad_Feier_02.png,5.58,0.34,OK
units\Bridget_Squad_Chinchilla_01.png,1.70,0.17,OK
units\Bridget_Squad_Feier_00.png,0.72,0.11,OK
units\Bridget_Squad_Valerie_02.png,5.13,0.28,OK
units\Bridget_Squad_Feier_01.png,2.36,0.39,OK
units\Bridget_Squad_Valerie_00.png,0.63,0.10,OK
units\Bridget_Squad_Valerie_01.png,2.32,0.32,OK
units\Chongye_Squad_Elice_02.png,5.92,0.40,OK
units\Chongye_Squad_Elice_00.png,0.83,0.17,OK
units\Chongye_Squad_Golia_02.png,1.56,0.13,OK
units\Chongye_Squad_Elice_01.png,1.87,0.30,OK
units\Chongye_Squad_Golia_00.png,1.00,0.18,OK
units\Chongye_Squad_Golia_01.png,2.01,0.28,OK
units\Chongye_Squad_Mabel_02.png,5.63,0.31,OK
units\Chongye_Squad_Mabel_00.png,0.80,0.14,OK
units\Crows_Eyest_Squad_An_02.png,4.86,0.24,OK
units\Crows_Eyest_Squad_An_00.png,0.89,0.12,OK
units\Crows_Eyest_Squad_An_01.png,1.69,0.20,OK
units\Chongye_Squad_Mabel_01.png,1.95,0.38,OK
units\Crows_Eyest_Squad_Hiki_02.png,5.42,0.33,OK
units\Crows_Eyest_Squad_Hiki_00.png,0.82,0.12,OK
units\Crows_Eyest_Squad_Mulin_02.png,5.11,0.25,OK
units\Crows_Eyest_Squad_Hiki_01.png,1.60,0.18,OK
units\Crows_Eyest_Squad_Mulin_00.png,0.84,0.11,OK
units\Danu_Squad_Banshee_02.png,5.78,0.26,OK
units\Danu_Squad_Banshee_00.png,1.19,0.15,OK
units\Crows_Eyest_Squad_Mulin_01.png,1.67,0.20,OK
units\Danu_Squad_SilverArm_02.png,5.87,0.23,OK
units\Danu_Squad_SilverArm_01.png,2.00,0.24,OK
units\Danu_Squad_SilverArm_00.png,0.78,0.09,OK
units\Danu_Squad_Wendy_02.png,6.15,0.32,OK
units\Danu_Squad_Wendy_00.png,0.90,0.15,OK
units\Danu_Squad_Banshee_01.png,2.36,0.34,OK
units\Danu_Squad_Wendy_01.png,1.92,0.32,OK
units\Dream_Guardians_Squad-Haifa_01.png,1.51,0.10,OK
units\Dream_Guardians_Squad-Martina_01.png,1.32,0.08,OK
units\Dream_Guardians_Squad-Saikui_01.png,1.43,0.10,OK
units\Dream_Guardians_Squad-Haifa_00.png,0.59,0.09,OK
units\FanLing_Squad_Lucia_01.png,6.01,0.26,OK
units\Dream_Guardians_Squad-Martina_00.png,0.65,0.10,OK
units\Dream_Guardians_Squad-Saikui_00.png,0.76,0.12,OK
units\FanLing_Squad_Nafu_01.png,1.52,0.10,OK
units\FanLing_Squad_Lucia_00.png,0.64,0.09,OK
units\FanLing_Squad_Wasi_01.png,1.39,0.08,OK
units\FanLing_Squad_Nafu_00.png,0.72,0.11,OK
units\Ghost_Squad_Antina_02.png,6.00,0.26,OK
units\FanLing_Squad_Wasi_00.png,0.58,0.08,OK
units\Ghost_Squad_Antina_00.png,0.82,0.13,OK
units\Ghost_Squad_Valen_02.png,5.99,0.28,OK
units\Ghost_Squad_Antina_01.png,2.38,0.28,OK
units\Ghost_Squad_Valen_00.png,0.92,0.13,OK
units\Ghost_Squad_Vez_02.png,5.68,0.24,OK
units\Ghost_Squad_Valen_01.png,1.70,0.25,OK
units\Ghost_Squad_Vez_00.png,0.94,0.13,OK
units\Green_Spirit_Squad_Eva_02.png,5.94,0.26,OK
units\Green_Spirit_Squad_Eva_00.png,0.52,0.09,OK
units\Ghost_Squad_Vez_01.png,1.96,0.23,OK
units\Green_Spirit_Squad_Glanz_00.png,0.73,0.13,OK
units\Green_Spirit_Squad_Glanz_02.png,5.89,0.28,OK
units\Green_Spirit_Squad_Eva_01.png,1.87,0.29,OK
units\Green_Spirit_Squad_Grace_02.png,5.62,0.25,OK
units\Green_Spirit_Squad_Glanz_01.png,2.51,0.47,OK
units\Green_Spirit_Squad_Grace_00.png,0.61,0.11,OK
units\Illustration_Squad_Kuranas_02.png,7.67,0.34,OK
units\Illustration_Squad_Kuranas_00.png,0.76,0.13,OK
units\Green_Spirit_Squad_Grace_01.png,1.62,0.21,OK
units\Illustration_Squad_Soline_02.png,7.58,0.37,OK
units\Illustration_Squad_Swali_00.png,0.59,0.11,OK
units\Illustration_Squad_Kuranas_01.png,2.07,0.28,OK
units\Illustration_Squad_Soline_01.png,2.10,0.36,OK
units\mauxir_lotus_pedestal.png,5.94,0.40,OK
units\Illustration_Squad_Swali_02.png,7.96,0.41,OK
units\Messenger_Squad_Ah_Hua_01.png,5.97,0.29,OK
units\Illustration_Squad_Soline_00.png,1.15,0.25,OK
units\Messenger_Squad_Gena_01.png,5.68,0.23,OK
units\Illustration_Squad_Swali_01.png,1.92,0.27,OK
units\Messenger_Squad_WALL_E_01.png,5.75,0.23,OK
units\Messenger_Squad_Ah_Hua_00.png,0.63,0.12,OK
units\Messenger_Squad_Gena_00.png,0.47,0.09,OK
units\Mingyi_Squad_Jin_Lang_02.png,6.03,0.27,OK
units\Messenger_Squad_WALL_E_00.png,0.72,0.09,OK
units\Mingyi_Squad_Jin_Lang_00.png,0.54,0.09,OK
units\Mingyi_Squad_Zhe_hao_00.png,0.93,0.15,OK
units\Mingyi_Squad_Zhe_hao_02.png,5.84,0.24,OK
units\Mingyi_Squad_Jin_Lang_01.png,2.27,0.20,OK
units\Mingyi_Squad_Zhu_He_02.png,5.94,0.25,OK
units\Mingyi_Squad_Zhe_hao_01.png,1.79,0.23,OK
units\Mingyi_Squad_Zhu_He_00.png,0.79,0.10,OK
units\Mirror_pupu.png,5.33,0.26,OK
units\Mirror.png,2.71,0.16,OK
units\Poet_Squad_Caitlin_02.png,5.50,0.30,OK
units\Poet_Squad_Caitlin_00.png,0.80,0.11,OK
units\Mingyi_Squad_Zhu_He_01.png,2.43,0.18,OK
units\Poet_Squad_Kelo_02.png,5.30,0.33,OK
units\Poet_Squad_Caitlin_01.png,1.70,0.24,OK
units\Poet_Squad_Kelo_00.png,0.81,0.13,OK
units\Poet_Squad_Oisin_02.png,5.56,0.34,OK
units\Poet_Squad_Kelo_01.png,1.40,0.14,OK
units\Poet_Squad_Oisin_00.png,0.48,0.08,OK
units\SacredChants_Squad_European_Angelica_02.png,5.70,0.22,OK
units\SacredChants_Squad_European_Angelica_00.png,0.71,0.10,OK
units\Poet_Squad_Oisin_01.png,2.01,0.29,OK
units\SacredChants_Squad_Loka_02.png,6.30,0.32,OK
units\SacredChants_Squad_Loka_00.png,0.71,0.13,OK
units\SacredChants_Squad_Shalo_00.png,0.96,0.14,OK
units\SacredChants_Squad_Shalo_02.png,1.54,0.11,OK
units\SacredChants_Squad_Loka_01.png,1.68,0.22,OK
units\SacredChants_Squad_European_Angelica_01.png,2.39,0.34,OK
units\Sacred_Tree_Squad_Alvina_02.png,1.68,0.14,OK
units\Sacred_Tree_Squad_Alvina_00.png,0.60,0.10,OK
units\SacredChants_Squad_Shalo_01.png,1.51,0.15,OK
units\Sacred_Tree_Squad_Lumi_02.png,5.26,0.27,OK
units\Sacred_Tree_Squad_Lumi_00.png,0.52,0.09,OK
units\Sacred_Tree_Squad_Alvina_01.png,1.71,0.28,OK
units\Sacred_Tree_Squad_Margaret_00.png,0.79,0.15,OK
units\Sacred_Tree_Squad_Margaret_02.png,5.43,0.33,OK
units\Sacred_Tree_Squad_Lumi_01.png,1.61,0.26,OK
units\Spirit_Squad_Bonnie_02.png,6.09,0.33,OK
units\Spirit_Squad_Bonnie_01.png,1.65,0.22,OK
units\Spirit_Squad_Bonnie_00.png,0.66,0.11,OK
units\Sacred_Tree_Squad_Margaret_01.png,2.47,0.37,OK
units\Spirit_Squad_Lusaka_02.png,5.34,0.28,OK
units\Spirit_Squad_Lusaka_00.png,0.75,0.10,OK
units\Spirit_Squad_Snenika_02.png,5.87,0.25,OK
units\Spirit_Squad_Lusaka_01.png,2.24,0.35,OK
units\Spirit_Squad_Snenika_00.png,0.77,0.10,OK
units\Star_Bright_Squad_Alivy_02.png,8.19,0.31,OK
units\Spirit_Squad_Snenika_01.png,1.89,0.23,OK
units\Star_Bright_Squad_Alivy_00.png,2.17,0.21,OK
units\Star_Bright_Squad_Dakors_02.png,6.40,0.34,OK
units\Star_Bright_Squad_Alivy_01.png,1.58,0.38,OK
units\Star_Bright_Squad_Dakors_00.png,0.92,0.17,OK
units\Star_Bright_Squad_Doveil_02.png,5.73,0.23,OK
units\Star_Bright_Squad_Dakors_01.png,1.73,0.28,OK
units\Star_Bright_Squad_Doveil_01.png,1.79,0.26,OK
units\Star_Bright_Squad_Doveil_00.png,3.08,0.31,OK
units\The_Forger_Squad_Leisia_02.png,5.62,0.33,OK
units\The_Forger_Squad_Leisia_00.png,0.79,0.11,OK
units\The_Forger_Squad_Leisia_01.png,1.76,0.20,OK
units\The_Forger_Squad_Tatiana_02.png,5.04,0.29,OK
units\The_Forger_Squad_Tatiana_01.png,1.56,0.21,OK
units\The_Forger_Squad_White_Hunt_02.png,5.55,0.32,OK
units\The_Forger_Squad_Tatiana_00.png,0.58,0.08,OK
units\Typhoon_Squad_613_01.png,5.63,0.18,OK
units\The_Forger_Squad_White_Hunt_00.png,0.67,0.09,OK
units\Typhoon_Squad_613_00.png,0.96,0.15,OK
units\Typhoon_Squad_Dornier_01.png,6.12,0.28,OK
units\The_Forger_Squad_White_Hunt_01.png,1.57,0.17,OK
units\Typhoon_Squad_Flameheart_01.png,5.79,0.24,OK
units\Ulster_Squad_Flamme_01.png,6.27,0.32,OK
units\Typhoon_Squad_Dornier_00.png,0.57,0.10,OK
units\Ulster_Squad_Koni_01.png,5.23,0.17,OK
units\Ulster_Squad_Flamme_00.png,0.89,0.14,OK
units\Ulster_Squad_Maeve_01.png,5.64,0.22,OK
units\Typhoon_Squad_Flameheart_00.png,0.93,0.13,OK
units\Ulster_Squad_Koni_00.png,0.58,0.10,OK
units\Ulster_Squad_Maeve_00.png,0.73,0.14,OK